<?xml version="1.0" encoding="UTF-8"?>
<!DOCTYPE signaltable SYSTEM "signal.dtd">
<signaltable>
  <row>
    <signal name="MEM_RW" value="0" />
    <signal name="ALU_SELECT_B" value="4" />
    <signal name="ALU_CTRL" value="0" />
    <signal name="ALU_SELECT_A" value="0" />
    <signal name="MAR.W" value="1" />
  </row>
  <row>
    <signal name="COUNT.W" value="1" />
    <signal name="ALU_SELECT_B" value="5" />
    <signal name="MEM_CS" value="1" />
    <signal name="ALU_CTRL" value="1" />
    <signal name="ALU_SELECT_A" value="1" />
  </row>
  <row>
    <signal name="ALU_SELECT_B" value="5" />
    <signal name="ALU_CTRL" value="0" />
    <signal name="ALU_SELECT_A" value="0" />
    <conditional-jump cond0-target="10" cond1-target="3" />
  </row>
  <row>
    <signal name="ADDR.W" value="1" />
    <signal name="ALU_SELECT_B" value="4" />
    <signal name="ALU_CTRL" value="0" />
    <signal name="ALU_SELECT_A" value="1" />
    <unconditional-jump target="0" />
  </row>
</signaltable>
