<?xml version="1.0" encoding="UTF-8"?>
<!DOCTYPE machine SYSTEM "machine.dtd">
<machine>
  <alu>
    <operation>A_ADD_B</operation>
    <operation>B_SUB_A</operation>
    <operation>A_AND_B</operation>
  </alu>
  <registers>
    <register name="ACCU" size="BITS_32">== Akkumulator ==
Üblicherweise das benutzte Arbeitsregister für die meisten arithmetischen Operationen.</register>
    <register name="STATE" size="BITS_32" />
    <register name="ADDR" size="BITS_32" />
    <register name="LNGTH" size="BITS_32" />
  </registers>
  <muxInputs muxType="A">
    <input type="constant">0</input>
    <input type="constant">1</input>
    <input type="register">ACCU</input>
    <input type="constant">31</input>
  </muxInputs>
  <muxInputs muxType="B">
    <input type="register">MDR</input>
    <input type="register">IR</input>
    <input type="register">PC</input>
    <input type="register">ACCU</input>
    <input type="register">ADDR</input>
    <input type="register">STATE</input>
    <input type="register">LNGTH</input>
  </muxInputs>
</machine>
