<?xml version="1.0" encoding="UTF-8"?>
<!DOCTYPE machine SYSTEM "machine.dtd">
<machine>
  <alu>
    <operation>A_ADD_B</operation>
    <operation>B_SUB_A</operation>
    <operation>TRANS_B</operation>
    <operation>TRANS_A</operation>
    <operation>A_AND_B</operation>
    <operation>B_SL</operation>
  </alu>
  <registers>
    <register name="ACCU" size="BITS_32">== Accumulator ==
Working register for the most logical and arithmetical operations.</register>
    <register name="COUNT" size="BITS_32" />
    <register name="ADDR" size="BITS_32" />
    <register name="STATE" size="BITS_32" />
    <register name="DATAC" size="BITS_32" />
    <register name="CHNL" size="BITS_32" />
    <register name="OLD" size="BITS_32" />
    <register name="OFFSET" size="BITS_32" />
    <register name="MASK" size="BITS_32" />
    <register name="TEST" size="BITS_32" />
  </registers>
  <muxInputs muxType="A">
    <input type="constant">0</input>
    <input type="constant">1</input>
    <input type="register">ACCU</input>
    <input type="constant">15</input>
    <input type="constant">31</input>
    <input type="register">STATE</input>
    <input type="constant">32</input>
    <input type="constant">14</input>
    <input type="constant">-16</input>
    <input type="constant">48</input>
    <input type="register">OFFSET</input>
    <input type="register">DATAC</input>
    <input type="constant">-268435456</input>
    <input type="register">TEST</input>
    <input type="register">MASK</input>
  </muxInputs>
  <muxInputs muxType="B">
    <input type="register">MDR</input>
    <input type="register">IR</input>
    <input type="register">PC</input>
    <input type="register">ACCU</input>
    <input type="register">ADDR</input>
    <input type="register">COUNT</input>
    <input type="register">DATAC</input>
    <input type="register">CHNL</input>
    <input type="register">OLD</input>
    <input type="constant">511</input>
    <input type="register">MASK</input>
    <input type="register">TEST</input>
  </muxInputs>
</machine>
