<?xml version="1.0" encoding="UTF-8"?>
<!DOCTYPE signaltable SYSTEM "signal.dtd">
<signaltable>
  <row>
    <signal name="ALU_SELECT_B" value="9" />
    <signal name="OFFSET.W" value="1" />
    <signal name="ALU_CTRL" value="2" />
  </row>
  <row label="loop">
    <signal name="ALU_SELECT_B" value="4" />
    <signal name="ALU_CTRL" value="2" />
    <signal name="MAR.W" value="1" />
  </row>
  <row>
    <signal name="MDR.W" value="1" />
    <signal name="MEM_RW" value="1" />
    <signal name="MDR_SEL" value="1" />
    <signal name="MEM_CS" value="1" />
  </row>
  <row>
    <signal name="ALU_SELECT_A" value="6" />
    <signal name="ALU_SELECT_B" value="5" />
    <signal name="COUNT.W" value="1" />
    <signal name="ALU_CTRL" value="1" />
  </row>
  <row label="">
    <signal name="ALU_SELECT_B" value="5" />
    <signal name="ALU_CTRL" value="2" />
    <conditional-jump cond0-target="6" cond1-target="23" />
  </row>
  <row label="after ana" breakpoint="true">
    <signal name="ALU_SELECT_A" value="1" />
    <signal name="ADDR.W" value="1" />
    <signal name="ALU_SELECT_B" value="4" />
    <signal name="ALU_CTRL" value="0" />
    <unconditional-jump target="1" />
  </row>
  <row label="ana">
    <signal name="ALU_SELECT_A" value="5" />
    <signal name="ALU_CTRL" value="3" />
    <conditional-jump cond0-target="21" cond1-target="7" />
  </row>
  <row label="header">
    <signal name="ALU_SELECT_A" value="3" />
    <signal name="ACCU.W" value="1" />
    <signal name="ALU_SELECT_B" value="0" />
    <signal name="ALU_CTRL" value="4" />
  </row>
  <row>
    <signal name="ALU_SELECT_A" value="7" />
    <signal name="ALU_SELECT_B" value="3" />
    <signal name="ALU_CTRL" value="1" />
    <conditional-jump cond0-target="20" cond1-target="9" />
  </row>
  <row label="new">
    <signal name="ALU_SELECT_B" value="6" />
    <signal name="ALU_CTRL" value="2" />
    <conditional-jump cond0-target="17" cond1-target="18" />
  </row>
  <row label="save start">
    <signal name="ALU_SELECT_B" value="4" />
    <signal name="ALU_CTRL" value="2" />
    <signal name="OLD.W" value="1" />
  </row>
  <row>
    <signal name="ALU_SELECT_A" value="10" />
    <signal name="ADDR.W" value="1" />
    <signal name="ALU_SELECT_B" value="7" />
    <signal name="ALU_CTRL" value="0" />
  </row>
  <row>
    <signal name="ALU_SELECT_B" value="4" />
    <signal name="ALU_CTRL" value="2" />
    <signal name="MAR.W" value="1" />
  </row>
  <row>
    <signal name="MDR.W" value="1" />
    <signal name="MEM_RW" value="1" />
    <signal name="MDR_SEL" value="1" />
    <signal name="MEM_CS" value="1" />
  </row>
  <row>
    <signal name="ALU_SELECT_A" value="11" />
    <signal name="ALU_SELECT_B" value="0" />
    <signal name="MDR.W" value="1" />
    <signal name="ALU_CTRL" value="0" />
  </row>
  <row>
    <signal name="MEM_RW" value="0" />
    <signal name="MEM_CS" value="1" />
    <signal name="MDR_SEL" value="1" />
  </row>
  <row label="save end">
    <signal name="ADDR.W" value="1" />
    <signal name="ALU_SELECT_B" value="8" />
    <signal name="ALU_CTRL" value="2" />
    <unconditional-jump target="18" />
  </row>
  <row label="">
    <signal name="ALU_SELECT_A" value="8" />
    <signal name="DATAC.W" value="1" />
    <signal name="ALU_SELECT_B" value="6" />
    <signal name="ALU_CTRL" value="0" />
    <unconditional-jump target="18" />
  </row>
  <row label="">
    <signal name="ALU_SELECT_A" value="1" />
    <signal name="ALU_CTRL" value="3" />
    <signal name="STATE.W" value="1" />
  </row>
  <row>
    <signal name="ALU_SELECT_A" value="0" />
    <signal name="DATAC.W" value="1" />
    <signal name="ALU_CTRL" value="3" />
    <unconditional-jump target="5" />
  </row>
  <row label="count">
    <signal name="ALU_SELECT_A" value="6" />
    <signal name="DATAC.W" value="1" />
    <signal name="ALU_SELECT_B" value="6" />
    <signal name="ALU_CTRL" value="0" />
    <unconditional-jump target="5" />
  </row>
  <row label="number">
    <signal name="ALU_SELECT_A" value="4" />
    <signal name="CHNL.W" value="1" />
    <signal name="ALU_SELECT_B" value="0" />
    <signal name="ALU_CTRL" value="4" />
  </row>
  <row>
    <signal name="ALU_SELECT_A" value="0" />
    <signal name="ALU_CTRL" value="3" />
    <signal name="STATE.W" value="1" />
    <unconditional-jump target="5" />
  </row>
</signaltable>
