<?xml version="1.0" encoding="UTF-8"?>
<!DOCTYPE signaltable SYSTEM "signal.dtd">
<signaltable>
  <row>
    <signal name="OFFSET.W" value="1" />
    <signal name="ALU_SELECT_B" value="9" />
    <signal name="ALU_CTRL" value="2" />
  </row>
  <row label="loop">
    <signal name="ALU_SELECT_B" value="4" />
    <signal name="ALU_CTRL" value="2" />
    <signal name="MAR.W" value="1" />
  </row>
  <row>
    <signal name="MDR.W" value="1" />
    <signal name="MEM_RW" value="1" />
    <signal name="MDR_SEL" value="1" />
    <signal name="MEM_CS" value="1" />
  </row>
  <row>
    <signal name="COUNT.W" value="1" />
    <signal name="ALU_SELECT_B" value="5" />
    <signal name="ALU_CTRL" value="1" />
    <signal name="ALU_SELECT_A" value="6" />
  </row>
  <row label="">
    <signal name="ALU_SELECT_B" value="5" />
    <signal name="ALU_CTRL" value="2" />
    <conditional-jump cond0-target="6" cond1-target="29" />
  </row>
  <row label="after ana">
    <signal name="ADDR.W" value="1" />
    <signal name="ALU_SELECT_B" value="4" />
    <signal name="ALU_CTRL" value="0" />
    <signal name="ALU_SELECT_A" value="1" />
    <unconditional-jump target="1" />
  </row>
  <row label="ana">
    <signal name="ALU_CTRL" value="3" />
    <signal name="ALU_SELECT_A" value="5" />
    <conditional-jump cond0-target="27" cond1-target="7" />
  </row>
  <row>
    <signal name="ALU_CTRL" value="3" />
    <signal name="MASK.W" value="1" />
    <signal name="ALU_SELECT_A" value="3" />
  </row>
  <row>
    <signal name="ALU_CTRL" value="3" />
    <signal name="ALU_SELECT_A" value="7" />
    <signal name="TEST.W" value="1" />
  </row>
  <row label="header">
    <signal name="ACCU.W" value="1" />
    <signal name="ALU_SELECT_B" value="0" />
    <signal name="ALU_CTRL" value="4" />
    <signal name="ALU_SELECT_A" value="14" />
  </row>
  <row>
    <signal name="ALU_SELECT_B" value="3" />
    <signal name="ALU_CTRL" value="1" />
    <signal name="ALU_SELECT_A" value="13" />
    <conditional-jump cond0-target="11" cond1-target="14" />
  </row>
  <row label="shiftcheck">
    <signal name="ALU_SELECT_B" value="10" />
    <signal name="ALUSel.A" value="0" dontcare="true" />
    <signal name="ALU_CTRL" value="1" />
    <signal name="ALU_SELECT_A" value="12" />
    <conditional-jump cond0-target="12" cond1-target="26" />
  </row>
  <row label="shift">
    <signal name="ALU_SELECT_B" value="10" />
    <signal name="ALU_CTRL" value="5" />
    <signal name="MASK.W" value="1" />
  </row>
  <row>
    <signal name="ALU_SELECT_B" value="11" />
    <signal name="ALU_CTRL" value="5" />
    <signal name="TEST.W" value="1" />
    <unconditional-jump target="9" />
  </row>
  <row label="new">
    <signal name="ALU_SELECT_B" value="6" />
    <signal name="ALU_CTRL" value="2" />
    <conditional-jump cond0-target="15" cond1-target="17" />
  </row>
  <row label="">
    <signal name="ALU_SELECT_B" value="6" />
    <signal name="ALU_CTRL" value="0" />
    <signal name="ALU_SELECT_A" value="8" />
    <signal name="DATAC.W" value="1" />
  </row>
  <row>
    <signal name="ALU_SELECT_B" value="6" />
    <signal name="ALU_CTRL" value="0" />
    <signal name="ALU_SELECT_A" value="8" />
    <conditional-jump cond0-target="17" cond1-target="15" />
  </row>
  <row label="save start">
    <signal name="ALU_SELECT_B" value="4" />
    <signal name="OLD.W" value="1" />
    <signal name="ALU_CTRL" value="2" />
  </row>
  <row>
    <signal name="ADDR.W" value="1" />
    <signal name="ALU_SELECT_B" value="7" />
    <signal name="ALU_CTRL" value="0" />
    <signal name="ALU_SELECT_A" value="10" />
  </row>
  <row>
    <signal name="ALU_SELECT_B" value="4" />
    <signal name="ALU_CTRL" value="2" />
    <signal name="MAR.W" value="1" />
  </row>
  <row>
    <signal name="MDR.W" value="1" />
    <signal name="MEM_RW" value="1" />
    <signal name="MDR_SEL" value="1" />
    <signal name="MEM_CS" value="1" />
  </row>
  <row>
    <signal name="MDR.W" value="1" />
    <signal name="ALU_SELECT_B" value="0" />
    <signal name="ALU_CTRL" value="0" />
    <signal name="ALU_SELECT_A" value="11" />
  </row>
  <row>
    <signal name="MEM_RW" value="0" />
    <signal name="MDR_SEL" value="1" />
    <signal name="MEM_CS" value="1" />
  </row>
  <row label="save end">
    <signal name="ADDR.W" value="1" />
    <signal name="ALU_SELECT_B" value="8" />
    <signal name="ALU_CTRL" value="2" />
  </row>
  <row label="">
    <signal name="STATE.W" value="1" />
    <signal name="ALU_CTRL" value="3" />
    <signal name="ALU_SELECT_A" value="1" />
  </row>
  <row>
    <signal name="ALU_CTRL" value="3" />
    <signal name="ALU_SELECT_A" value="0" />
    <signal name="DATAC.W" value="1" />
    <unconditional-jump target="5" />
  </row>
  <row label="count">
    <signal name="ALU_SELECT_B" value="6" />
    <signal name="ALU_CTRL" value="0" />
    <signal name="ALU_SELECT_A" value="6" />
    <signal name="DATAC.W" value="1" />
    <unconditional-jump target="5" />
  </row>
  <row label="number">
    <signal name="CHNL.W" value="1" />
    <signal name="ALU_SELECT_B" value="0" />
    <signal name="ALU_CTRL" value="4" />
    <signal name="ALU_SELECT_A" value="4" />
  </row>
  <row>
    <signal name="STATE.W" value="1" />
    <signal name="ALU_CTRL" value="3" />
    <signal name="ALU_SELECT_A" value="0" />
    <unconditional-jump target="5" />
  </row>
</signaltable>
