<?xml version="1.0" encoding="UTF-8"?>
<!DOCTYPE machine SYSTEM "machine.dtd">
<machine>
  <alu>
    <operation>A_ADD_B</operation>
    <operation>B_SUB_A</operation>
    <operation>TRANS_B</operation>
  </alu>
  <registers>
    <register name="ACCU" size="BITS_32">== Akkumulator ==
Üblicherweise das benutzte Arbeitsregister für die meisten arithmetischen Operationen.</register>
    <register name="OFFSET" size="BITS_32">Beinhaltet den Offset-Wert zum Speichern im HS.</register>
    <register name="OLD" size="BITS_32">Ursprüngliche Adresse im HS vor Offset-Addition</register>
    <register name="LGNTH" size="BITS_32">Länge des Datenteils der Pakete</register>
  </registers>
  <muxInputs muxType="A">
    <input type="constant">0</input>
    <input type="constant">1</input>
    <input type="register">ACCU</input>
    <input type="register">OFFSET</input>
    <input type="register">LGNTH</input>
  </muxInputs>
  <muxInputs muxType="B">
    <input type="register">MDR</input>
    <input type="register">IR</input>
    <input type="register">PC</input>
    <input type="register">ACCU</input>
    <input type="register">OLD</input>
  </muxInputs>
</machine>
