<?xml version="1.0" encoding="UTF-8"?>
<!DOCTYPE signaltable SYSTEM "signal.dtd">
<signaltable>
  <row>
    <signal name="ALU_SELECT_B" value="2" />
    <signal name="OLD.W" value="1" />
    <signal name="ALU_CTRL" value="2" />
  </row>
  <row>
    <signal name="ALU_SELECT_A" value="3" />
    <signal name="ALU_SELECT_B" value="3" />
    <signal name="PC.W" value="1" />
    <signal name="ALU_CTRL" value="0" />
  </row>
  <row>
    <signal name="ALU_SELECT_B" value="2" />
    <signal name="ALU_CTRL" value="2" />
    <signal name="MAR.W" value="1" />
  </row>
  <row>
    <signal name="MDR.W" value="1" />
    <signal name="MEM_RW" value="1" />
    <signal name="MEM_CS" value="1" />
    <signal name="MDR_SEL" value="1" />
  </row>
  <row>
    <signal name="ALU_SELECT_A" value="4" />
    <signal name="ALU_SELECT_B" value="0" />
    <signal name="MDR.W" value="1" />
    <signal name="ALU_CTRL" value="0" />
  </row>
  <row>
    <signal name="MEM_RW" value="0" />
    <signal name="MEM_CS" value="1" />
  </row>
  <row>
    <signal name="ALU_SELECT_B" value="4" />
    <signal name="PC.W" value="1" />
    <signal name="ALU_CTRL" value="2" />
  </row>
</signaltable>
